,Unnamed: 0,title,imdb_id,genres,director,stars,release_date,budget,gross_USA,gross_world,production_co,imdb_score,critic_score
0,0,Pride and Prejudice and Zombies,tt1374989,55.4,53,56,5-Feb-16,28000000,10938134,16457494,60.67,5.8,45
1,1,American Ultra,tt3316948,53.41,49,58.33,21-Aug-15,28000000,14440985,27262374,54.67,6.1,50
2,2,Jane Got a Gun,tt2140037,58.35,56,58.67,29-Jan-16,25000000,1513793,3067531,45.33,5.9,49
3,3,Pitch Perfect 2,tt2848292,60.7,52,55,15-May-15,29000000,184296230,287144079,47.33,6.4,63
4,4,Bone Tomahawk,tt2494362,60.39,67,53.33,19-Feb-16,1800000,0,0,57.5,7.1,72
5,5,Dark Places,tt2402101,57.34,52,60.33,18-Jun-15,20000000,208588,5090852,50.67,6.2,39
6,6,Jupiter Ascending,tt1617661,54.6,60.5,55,6-Feb-15,176000000,47387723,183887723,52,5.3,40
7,7,Furious 7,tt2820852,53.41,46,51.67,3-Apr-15,190000000,353007020,1515255622,55.33,7.1,67
8,8,Pan,tt3332064,56.2,63,55,9-Oct-15,150000000,35088320,128388320,55,5.7,36
9,9,Our Kind of Traitor,tt1995390,57.89,79,55.33,13-May-16,0,3153157,10711027,65,6.2,57
10,10,The Walk,tt3488710,58.65,56,63.33,9-Oct-15,35000000,10137502,61181942,58.67,7.3,70
11,11,Child 44,tt1014763,58.79,56,57.33,17-Apr-15,50000000,1224330,12951093,53,6.5,41
12,12,Southpaw,tt1798684,58.25,52,60,24-Jul-15,30000000,52421953,91970827,47.67,7.4,57
13,13,Chappie,tt1823672,56.48,61,54,6-Mar-15,49000000,31569268,102811889,54,6.8,41
14,14,Digging for Fire,tt3704416,59.35,62,55.67,21-Aug-15,0,119364,119364,69.33,5.8,69
15,15,Sisters,tt1850457,55.57,55,65,18-Dec-15,30000000,87044645,105011053,58,6,58
16,16,By the Sea,tt3707106,59.35,53,58.67,9-Dec-15,10000000,538460,3334927,51.33,5.3,44
17,17,Suffragette,tt3077214,63.86,74,65,12-Oct-15,14000000,4702420,31972096,62.67,6.9,66
18,18,Nasty Baby,tt3121332,63.13,68,64.33,30-Oct-15,0,79800,80772,68.67,5.7,64
19,19,The Little Prince,tt1754656,59.1,72,59,5-Aug-16,81200000,1339152,97571250,57.67,7.7,70
20,20,Money Monster,tt2241351,57.34,62,60.67,13-May-16,27000000,41012075,93282604,51,6.5,55
21,21,Victor Frankenstein,tt1976009,57.97,74,55,25-Nov-15,65000000,5775076,34227298,49.33,6,36
22,22,The Man from U.N.C.L.E.,tt1638355,53.96,48,54.67,14-Aug-15,75000000,45445109,107045109,57.67,7.3,56
23,23,Miles Ahead,tt0790770,62.42,61,50,22-Apr-16,0,2610896,3473958,58.5,6.4,64
24,24,Our Little Sister,tt3756788,60.04,79,74,13-Jun-15,0,531996,15918101,67.33,7.5,75
25,25,Spy,tt3079380,53.41,54,55.33,5-Jun-15,65000000,110825712,235666219,58.67,7,75
26,26,Mississippi Grind,tt2349144,59.35,72,58,13-Aug-15,6000000,130541,422746,64,6.4,77
27,27,A Hologram for the King,tt2980210,58.09,62,51,28-Apr-16,30000000,4212494,9169507,55.33,6.1,58
28,28,Everest,tt2719848,57.7,57,65.33,25-Sep-15,55000000,43482270,203427584,58.33,7.1,64
29,29,The Brothers Grimsby,tt3381008,54.49,49,56,11-Mar-16,35000000,6874837,27979040,60.67,6.2,44
30,30,Z for Zachariah,tt1598642,57.52,68,60,13-Aug-15,7500000,121461,381839,59,6,68
31,31,True Story,tt2273657,61.04,58,56,17-Apr-15,0,4719695,5261595,62.67,6.3,50
32,32,Mission: Impossible - Rogue Nation,tt2381249,53.41,59,69.33,31-Jul-15,150000000,195042377,682716636,59,7.4,75
33,33,Fantastic Four,tt1502712,54.6,52,53.67,7-Aug-15,120000000,56117548,167882881,54.33,4.2,27
34,34,The Martian,tt3659388,58.56,58,62,2-Oct-15,108000000,228433663,630162448,55.67,8,80
35,35,Freeheld,tt1658801,61.28,66,63.33,10-Feb-16,7000000,573335,1474471,51.33,6.6,50
36,36,Room,tt3170832,58.52,77,55,22-Jan-16,13000000,14677654,35401758,70.67,8.1,86
37,37,Burnt,tt2503944,59.35,58,55.67,30-Oct-15,20000000,13651946,36606743,51,6.6,42
38,38,Trespass Against Us,tt3305308,56.23,71,63.33,24-Nov-16,0,5711,517197,60.67,5.8,50
39,39,The Last Face,tt3286560,59.35,59,54.5,28-Jul-17,0,0,0,55.33,4.9,16
40,40,Desierto,tt3147312,55.84,74,60.67,13-Apr-16,3000000,2002036,4924990,57,6,51
41,41,Forsaken,tt1606774,58.35,65,54.5,19-Feb-16,11000000,0,0,46.67,6.3,55
42,42,Truth,tt3859076,61.7,49,59.67,30-Oct-15,9600000,2541854,5383097,59,6.8,66
43,43,Green Room,tt4062536,55.63,73,58,13-May-16,5000000,3220371,3769214,64,7,79
44,44,Far from the Madding Crowd,tt2935476,59.35,61,62.67,22-May-15,0,12236500,30229977,61.33,7.1,71
45,45,The Night Before,tt3530002,56.39,57,60.67,20-Nov-15,25000000,43047372,52395996,52.33,6.4,58
46,46,45 Years,tt3544082,59.35,85,60.67,28-Aug-15,0,4247285,14430249,72,7.1,94
47,47,Ricki and the Flash,tt3623726,61.51,71,57.33,7-Aug-15,18000000,26822144,41325328,56.33,5.9,54
48,48,Results,tt3824412,55.57,72,57.67,29-May-15,0,104507,104507,66,5.4,73
49,49,Entertainment,tt3343784,63.13,55,61.67,13-Nov-15,0,55506,55506,66,5.7,65
50,50,Tale of Tales,tt3278330,59.24,72,54.67,22-Apr-16,0,118925,5497104,67.33,6.4,72
51,51,Demolition,tt1172049,59.35,67,61,8-Apr-16,10000000,1978592,4366460,63.67,7,49
52,52,The Program,tt3083008,62.88,69,58.67,18-Mar-16,0,13074,3335613,56.67,6.5,53
53,53,Ex Machina,tt0470752,58.17,66,59.33,24-Apr-15,15000000,25442958,36869414,64,7.7,78
54,54,Spotlight,tt1895587,61.64,60,59.33,20-Nov-15,20000000,45055776,98690254,71.67,8.1,93
55,55,Slow West,tt3205376,56.6,72,63.67,16-Apr-15,2000000,229094,1295574,69,6.9,72
56,56,Magic Mike XXL,tt2268016,61.51,63,57.67,1-Jul-15,14800000,66013057,117813057,59.5,5.6,60
57,57,Ant-Man,tt0478970,54.84,55,57.33,17-Jul-15,130000000,180202163,519311965,57.33,7.3,64
58,58,Jurassic World,tt0369610,54.6,53,58.33,12-Jun-15,150000000,652385625,1670516444,57.67,7,59
59,59,Equals,tt3289728,58.73,55,52,26-May-16,16000000,33258,2084628,49.67,6.1,43
60,60,A Bigger Splash,tt2056771,60.95,78,65.67,13-May-16,0,2024099,7545758,69.67,6.4,74
61,61,Blackhat,tt2717822,53.94,65,58.34,16-Jan-15,70000000,8005980,19652057,60,5.4,51
62,62,Our Brand Is Crisis,tt1018765,59.35,60,52,30-Oct-15,28000000,7002261,8527658,56,6.1,53
63,63,Queen of Earth,tt3993894,57.57,60,62.33,26-Aug-15,0,91218,95183,70.33,6.3,77
64,64,Spectre,tt2379713,53.41,66,58.67,6-Nov-15,245000000,200074609,880681519,58.67,6.8,60
65,65,Avengers: Age of Ultron,tt2395427,54.6,65,58,1-May-15,250000000,459005868,1402809540,62,7.3,66
66,66,Rules Don't Apply,tt1974420,58.09,65,52.67,23-Nov-16,25000000,3652206,3885342,55,5.7,60
67,67,Joy,tt2446980,64.14,67,58.33,25-Dec-15,60000000,56451232,101134059,55.33,6.6,56
68,68,Legend,tt3569230,59.71,55,54.67,20-Nov-15,30000000,1872994,42972994,61.67,6.9,55
69,69,Arabian Nights: Volume 1 - The Restless One,tt3284178,63.13,80,80,24-Jun-15,0,12260,28245,77,7,80
70,70,Triple 9,tt1712261,53.94,65,58,26-Feb-16,20000000,12639297,23177948,57.33,6.3,52
71,71,Black Mass,tt1355683,61.64,68,58.67,18-Sep-15,53000000,62575678,99775678,60,6.9,68
72,72,Steve Jobs,tt2080374,64.14,69,60.33,23-Oct-15,30000000,17766658,34441873,59,7.2,82
73,73,The Sea of Trees,tt3450900,58.67,60,56,26-Aug-16,25000000,20444,906995,52.33,6.1,23
74,74,Aloha,tt1243974,58.09,63,56.67,29-May-15,37000000,21067116,26250020,54,5.4,40
75,75,Louder Than Bombs,tt2217859,63.13,78,58.33,2-Oct-15,11000000,163807,1160724,70.67,6.6,70
76,76,Tomorrowland,tt1964418,55.61,77,58.33,22-May-15,190000000,93436322,209035668,56,6.4,60
77,77,Irrational Man,tt3715320,58.09,63,57.33,7-Aug-15,11000000,4030360,27391084,52.5,6.6,53
78,78,Trainwreck,tt3152624,58.09,60,61,17-Jul-15,35000000,110212700,140795793,61.33,6.2,75
79,79,Youth,tt3312830,60.02,64,57.33,4-Dec-15,0,2703296,23459358,64.33,7.3,64
80,80,Sicario,tt3397884,56.12,72,60,2-Oct-15,30000000,46889293,84872444,55.67,7.6,82
81,81,Mistress America,tt2872462,59.35,72,59.67,4-Sep-15,0,2500431,3340737,64,6.7,75
82,82,Life (2015),tt2948840,64.14,65,61.67,4-Dec-15,12000000,0,0,59.33,6.1,59
83,83,High-Rise,tt0462335,60.3,63,59,28-Apr-16,0,346472,4289074,66,5.6,65
84,84,Crimson Peak,tt2554274,57.46,63,63.67,16-Oct-15,55000000,31090320,74679822,58,6.5,66
85,85,Midnight Special,tt2649554,57.55,72,60,21-Apr-16,18000000,3712282,6740647,63,6.6,76
86,86,Everybody Wants Some!!,tt2937696,55.57,73,55,7-Apr-16,10000000,3400278,4644472,74,6.9,83
87,87,Bridge of Spies,tt3682448,60.54,62,61,16-Oct-15,40000000,72313754,165478348,54.33,7.6,81
88,88,The Lobster,tt3464902,57.13,74,57,16-Oct-15,0,9077245,15456717,63,7.2,82
89,89,Inside Out,tt2096673,58.52,82,65,19-Jun-15,175000000,356921711,858071350,69.5,8.1,94
90,90,The Good Dinosaur,tt1979388,58.52,76,65,25-Nov-15,200000000,123087120,332207671,69.5,6.7,66
91,91,The Light Between Oceans,tt2547584,59.35,69,58.33,2-Sep-16,20000000,12545979,25975621,63.33,7.2,60
92,92,Beasts of No Nation,tt1365050,62.76,87,78,16-Oct-15,6000000,90777,90777,70.5,7.7,79
93,93,Mad Max: Fury Road,tt1392190,54.42,66,58.33,15-May-15,150000000,154058340,376109824,59.33,8.1,90
94,94,Queen of the Desert,tt1837636,60.7,68,56,14-Apr-17,15000000,0,0,41.67,5.7,39
95,95,Carol,tt2402927,59.35,75,61.33,15-Jan-16,11800000,12711491,40272135,62.67,7.2,94
96,96,Macbeth,tt2884018,63.37,62,65.33,11-Dec-15,15000000,1110707,16322067,66.67,6.6,71
97,97,Silence,tt0490215,63.86,71,63.45,13-Jan-17,46000000,7100177,23834809,64.67,7.2,79
98,98,Star Wars: Episode VII - The Force Awakens,tt2488496,54.6,65,62.67,18-Dec-15,245000000,936662225,2068455677,62,7.9,80
99,99,The Revenant,tt1663202,58.94,71,62.33,8-Jan-16,135000000,183637894,532950503,57.67,8,76
100,100,Miss Peregrine's Home for Peculiar Children,tt1935859,57.25,61,55,30-Sep-16,110000000,87242834,296482446,56.67,6.7,57
101,101,Independence Day: Resurgence,tt1628841,54.6,44,54,24-Jun-16,165000000,103144286,389681935,52.33,5.2,32
102,102,Warcraft,tt0803096,54.51,52,54.33,10-Jun-16,160000000,47365290,439048914,54.33,6.8,32
103,103,Snowden,tt3774114,59.71,61,58.33,16-Sep-16,40000000,21587519,37357216,58,7.3,58
104,104,A United Kingdom,tt3387266,62.11,58,55.33,10-Feb-17,14000000,3902185,14459330,66.67,6.9,65
105,105,Dark Crimes,tt1901024,57.89,50,55.67,18-May-18,0,0,0,51,4.7,24
106,106,Zoolander 2,tt1608290,54.63,56,53.67,12-Feb-16,50000000,28848693,56722693,61.67,4.7,34
107,107,The Zookeeper's Wife,tt1730768,63.81,66,59.67,7-Apr-17,20000000,17571660,26152835,53,7,57
108,108,Moana,tt3521164,57.81,72,65.33,23-Nov-16,150000000,248757044,644962539,60.67,7.6,81
109,109,Zama,tt3409848,63.86,80,70,28-Sep-17,0,200600,489692,68,6.8,89
110,110,Queen of Katwe,tt4341582,62.88,63,67.33,30-Sep-16,15000000,8874389,10367161,61,7.4,73
111,111,Sing,tt3470600,58.64,60,56.33,21-Dec-16,75000000,270448425,634208384,61.33,7.1,59
112,112,Whiskey Tango Foxtrot,tt3553442,61.56,56,62.67,4-Mar-16,35000000,23083334,24972139,58,6.6,57
113,113,The Great Wall,tt2034800,54.36,70,56.67,17-Feb-17,150000000,45540830,334933831,48.33,5.9,42
114,114,À jamais,tt2589076,63.13,60,64.33,23-Nov-16,0,0,0,59.67,0,0
115,115,The Founder,tt4276820,64.14,58,57,20-Jan-17,25000000,12786053,24121245,64.33,7.2,66
116,116,Deepwater Horizon,tt1860357,58.22,54,52.33,30-Sep-16,110000000,61433527,121790373,55.67,7.1,68
117,117,American Pastoral,tt0376479,59.89,57,54,21-Oct-16,0,544098,2063436,43.33,6.1,43
118,118,Batman v Superman: Dawn of Justice,tt2975590,54.6,52,53.67,25-Mar-16,250000000,330360194,873637528,53.33,6.4,44
119,119,X-Men: Apocalypse,tt3385516,54.6,59,61.67,27-May-16,178000000,155442489,543934105,57.33,6.9,52
120,120,Belgica,tt3544218,63.13,59,60.67,2-Mar-16,0,0,0,68.33,6.7,63
121,121,The Magnificent Seven,tt2404435,55.66,52,60.33,23-Sep-16,90000000,93432655,162360636,53,6.9,54
122,122,The Discovery,tt5155780,57.52,60,62,31-Mar-17,0,0,0,61.67,6.3,54
123,123,The Commune,tt3082854,63.13,61,61,19-May-17,0,38737,4410339,62.67,6.4,60
124,124,Neruda,tt4698584,60.69,73,68.67,11-Aug-16,0,939101,3884746,72.33,6.9,82
125,125,Mascots,tt4936176,55.57,69,63,13-Oct-16,20000000,0,0,-1,5.8,57
126,126,War on Everyone,tt3708886,54.49,65,55.67,3-Feb-17,0,0,0,58,5.8,50
127,127,War Dogs,tt2005151,60.58,55,57,19-Aug-16,40000000,43034523,86234523,57.33,7.1,57
128,128,John Wick: Chapter 2,tt4425200,53.94,67,55,10-Feb-17,40000000,92029184,171547802,49,7.5,75
129,129,Christine,tt4666726,64.14,63,68.67,14-Oct-16,0,298525,313465,64.5,6.9,72
130,130,Captain America: Civil War,tt3498820,54.6,61,58.67,6-May-16,250000000,408084349,1153337496,66,7.8,75
131,131,Star Trek Beyond,tt2660888,54.42,55,57.67,22-Jul-16,185000000,158848340,343471816,53.67,7.1,68
132,132,Free State of Jones,tt1124037,61.2,66,61.67,24-Jun-16,50000000,20810036,25035950,53.33,6.9,53
133,133,Little Men,tt4919484,63.13,73,55.01,4-May-17,2000000,702537,2008649,75.67,6.7,86
134,134,Finding Dory,tt2277860,57.69,79.5,64.67,17-Jun-16,200000000,486295561,1028570942,69.5,7.3,77
135,135,Popstar: Never Stop Never Stopping,tt3960412,60.7,56,55.33,3-Jun-16,20000000,9639125,9680029,58.67,6.7,68
136,136,The Promise,tt4776998,59.29,64,59.33,21-Apr-17,90000000,8224288,12448676,51.67,6.4,49
137,137,Gold,tt1800302,58.28,50,54,27-Jan-17,20000000,7227038,14880939,48.33,6.7,49
138,138,Hell or High Water,tt2582782,57.12,62,60,26-Aug-16,12000000,27007844,37879877,52.67,7.6,88
139,139,The Disaster Artist,tt3521126,61.28,51,55,8-Dec-17,10000000,21120616,29820616,55.33,7.4,76
140,140,Fantastic Beasts and Where to Find Them,tt3183660,56.41,66,57.33,18-Nov-16,180000000,234037575,814044001,64,7.3,66
141,141,Allied,tt3640424,57.25,56,59,23-Nov-16,85000000,40098064,119520023,52.33,7.1,60
142,142,Love & Friendship,tt3068194,58.09,76,59.33,3-Jun-16,3000000,14016568,21401949,69.33,6.4,87
143,143,Kubo and the Two Strings,tt4302938,56.73,70,54.33,19-Aug-16,60000000,48023088,76249438,68,7.8,84
144,144,The Girl on the Train,tt3631112,57.34,52,64.67,7-Oct-16,45000000,75395035,173185859,55.67,6.5,48
145,145,Pete's Dragon,tt2788732,56.53,69,56.33,12-Aug-16,65000000,76233151,143695338,59.5,6.7,71
146,146,Una,tt2315582,63.13,58,67.67,1-Sep-17,0,22815,508169,60.67,6.2,62
147,147,The Man with the Iron Heart,tt3296908,58.17,67,59.33,7-Jun-17,0,0,0,55.33,0,0
148,148,Keanu,tt4139124,54.49,70,56.5,29-Apr-16,15000000,20591853,20651333,61,6.3,63
149,149,Suicide Squad,tt1386697,55.25,52,54.33,5-Aug-16,175000000,325100054,746846894,55.67,6,40
150,150,Sausage Party,tt1700841,57.75,58,60.67,12-Aug-16,19000000,97685686,140705322,60.67,6.1,66
151,151,Loving,tt4669986,61.28,72,65.33,4-Nov-16,9000000,7751969,12957265,68.5,7,79
152,152,Salt and Fire,tt4441150,53.9,68,52,7-Apr-17,0,0,0,46.33,4.2,44
153,153,A Monster Calls,tt3416532,58.09,64,56.33,6-Jan-17,43000000,3740823,47309313,73.66,7.5,76
154,154,Things to Come,tt4120176,63.13,76,70.67,6-Apr-16,3200000,388140,5638693,71.33,7,88
155,155,Colossal,tt4680182,58.35,56,52.33,21-Apr-17,15000000,3029287,4531320,55.33,6.2,70
156,156,Billy Lynn's Long Halftime Walk,tt2513074,58.21,67,56,18-Nov-16,40000000,1738477,30930984,63.67,6.2,53
157,157,The BFG,tt3691740,56.41,62,65.33,1-Jul-16,140000000,55483770,195243411,58,6.4,66
158,158,Personal Shopper,tt4714782,57.46,72,65.67,10-Mar-17,6000000,1305195,2840408,72,6.1,77
159,159,Moonlight,tt4975722,63.13,80,60.33,18-Nov-16,4000000,27854932,65336603,71,7.4,99
160,160,Jackie,tt1619029,64.29,73,61.67,2-Dec-16,9000000,13960394,29777777,59.33,6.7,81
161,161,Manchester by the Sea,tt4034228,63.13,64,62.67,16-Dec-16,9000000,47695371,78988148,67.67,7.8,96
162,162,How to Talk to Girls at Parties,tt3859310,58.61,70,55.01,25-May-18,0,84809,385733,59.51,5.7,50
163,163,Nocturnal Animals,tt4550098,58.52,65,59.33,9-Dec-16,22500000,10663357,30311857,63.67,7.5,67
164,164,Paterson,tt5247022,58.09,67,73.67,28-Dec-16,5000000,2152738,9588282,67.67,7.4,90
165,165,Wiener-Dog,tt4144190,59.35,67,71.33,21-Jul-16,0,477453,734729,66.5,5.9,66
166,166,The Circle,tt4287320,58.17,64,64,28-Apr-17,18000000,20497844,40656399,49.5,5.4,43
167,167,Certain Women,tt4468634,63.13,79,59.67,22-Feb-17,0,1087585,1526698,64.5,6.4,82
168,168,Passengers,tt1355644,57.52,58,58.33,21-Dec-16,110000000,100014699,303144152,50.33,7,41
169,169,The Handmaiden,tt4016934,57.53,70,72.5,1-Jun-16,0,2006788,37767206,69.67,8.1,84
170,170,The Bad Batch,tt4334266,55.47,71,53,23-Jun-17,6000000,180851,201890,69.33,5.3,62
171,171,Assassin's Creed,tt2094766,54.6,62,60,21-Dec-16,125000000,54647948,240697856,63,5.7,36
172,172,Doctor Strange,tt1211837,55.25,47,60,4-Nov-16,165000000,232641920,677796076,62,7.5,72
173,173,American Honey,tt3721936,57.92,76,59.67,14-Oct-16,0,663246,2290649,63.5,7,80
174,174,Julieta,tt4326444,58.12,73,69.33,21-Dec-16,0,1490948,22546233,63.67,7.1,73
175,175,The Unknown Girl,tt4630550,57.34,73,68.67,25-Aug-17,0,150549,2432640,69.33,6.5,65
176,176,It's Only the End of the World,tt4645368,63.13,62,60.33,30-Jun-17,7400000,0,0,64,6.9,48
177,177,Free Fire,tt4158096,54.34,63,57.67,21-Apr-17,0,1799312,3719383,66,6.4,63
178,178,The Nice Guys,tt3799694,54.34,52,62,20-May-16,50000000,36261763,62788218,54,7.4,70
179,179,Ghostbusters: Answer the Call,tt1289401,55.38,54,55,15-Jul-16,144000000,128350574,229147509,50.33,6.6,60
180,180,High Life,tt4827558,57.1,75,66.33,12-Apr-19,0,1225852,2133033,72.67,5.8,77
181,181,La La Land,tt3783958,59.79,74,59.33,25-Dec-16,30000000,151101803,448864344,52.67,8,94
182,182,Jason Bourne,tt4196776,52.58,73,58.67,29-Jul-16,120000000,162434410,415484914,59.33,6.6,58
183,183,20th Century Women,tt4385888,59.35,73,60,20-Jan-17,7000000,5664764,7214806,74.33,7.3,83
184,184,The Lost City of Z,tt1212428,64.14,68,56.67,21-Apr-17,30000000,8580410,19263938,61.33,6.6,78
185,185,Arrival,tt2543164,60.3,72,59.67,11-Nov-16,47000000,100546139,203388186,53.67,7.9,81
186,186,Rogue One: A Star Wars Story,tt3748528,54.6,63,59.67,16-Dec-16,200000000,532177324,1056057720,59,7.8,65
187,187,The Neon Demon,tt1974419,55.63,61,59.33,24-Jun-16,7000000,1333124,3377430,56.33,6.2,51
188,188,The Salesman,tt5186714,63.13,82,79,31-Aug-16,0,2402067,6953604,71.67,7.8,85
189,189,"Hail, Caesar!",tt0475290,60.05,68,60.67,5-Feb-16,22000000,30498085,63647656,64,6.3,72
190,190,War Machine,tt4758646,60.36,62,61.67,26-May-17,60000000,0,0,62.33,6,56
191,191,Song to Song,tt2062700,61.51,71,63,17-Mar-17,0,443684,1813453,54.67,5.7,54
192,192,Brawl in Cell Block 99,tt5657856,56.23,67,51.67,6-Oct-17,0,0,0,59,7.2,79
193,193,Landline,tt5737862,59.35,71,62,21-Jul-17,0,940854,940854,51,6.4,66
194,194,Godard Mon Amour,tt5687334,59.85,58,62.33,13-Sep-17,0,82264,1332204,56.33,6.6,55
195,195,Atomic Blonde,tt2406566,52.58,62,56,28-Jul-17,30000000,51687870,100014025,61,6.7,63
196,196,The Dark Tower,tt1648190,56.34,57,54.67,4-Aug-17,60000000,50701325,113231078,54.33,5.6,34
197,197,The Mercy,tt3319730,59.75,59,62.33,28-Nov-17,18000000,29538,4536348,62,6,60
198,198,In the Fade,tt5723272,57.89,66,55,27-Dec-17,0,321011,5104991,54,7.1,65
199,199,Wonder Wheel,tt5825380,59.35,63,52,15-Dec-17,25000000,1404061,15889124,57.33,6.2,45
200,200,A Fantastic Woman,tt5639354,63.13,79,77.33,2-Feb-18,0,2020988,3702353,76.33,7.2,86
201,201,Alien: Covenant,tt2316204,56.25,58,62.33,19-May-17,97000000,74262031,240891763,55.67,6.4,65
202,202,The Lovers,tt5770620,58.09,72,63.33,5-May-17,0,2194521,2216083,68,6.1,76
203,203,Valerian and the City of a Thousand Planets,tt2239822,55.25,51,50.67,21-Jul-17,177200000,41189488,225973340,53.33,6.5,51
204,204,Life (2017),tt5442430,56.25,56,65,24-Mar-17,58000000,30234022,100541806,52,6.6,54
205,205,Wonder Woman,tt0451279,56.68,70,57.67,2-Jun-17,149000000,412815408,822824522,53.33,7.4,76
206,206,D'après une histoire vraie,tt5893264,57.57,68,57,1-Nov-17,0,0,0,59,5.7,43
207,207,Battle of the Sexes,tt4622512,61.76,70,60.33,29-Sep-17,25000000,12638526,18598607,68.67,6.7,73
208,208,The Dinner,tt3203620,57.89,68,58.67,18-May-17,0,1323312,2544921,65.33,4.5,57
209,209,Mary Shelley,tt3906082,62.11,66,52.67,5-Jul-18,0,108900,2096600,61.33,6.4,49
210,210,Euphoria,tt5698320,57.95,32,53,28-Jun-19,0,0,0,42,5.7,32
211,211,The Legacy of a Whitetail Deer Hunter,tt4762824,59.35,59,53,6-Jul-18,0,0,0,61.5,5.5,49
212,212,The Book of Henry,tt4572792,57.89,53,52.01,23-Jun-17,10000000,4504974,4596705,50.5,6.6,31
213,213,Wilson,tt1781058,59.35,62,57,24-Mar-17,0,653951,848646,70,5.8,49
214,214,Paddington 2,tt4468740,57.59,83,61.67,12-Jan-18,40000000,40891591,227978645,64,7.8,88
215,215,The Cloverfield Paradox,tt2548396,55,55,59,4-Feb-18,45000000,0,0,63,5.5,37
216,216,Lady Bird,tt4925292,59.35,69,67.67,1-Dec-17,10000000,48958273,78966486,73.67,7.4,94
217,217,Journeyman,tt5314118,61.75,67,66.67,30-Mar-18,0,0,0,71.5,7.1,72
218,218,Mute,tt1464763,55.68,52,57.33,23-Feb-18,0,0,0,54.5,5.5,35
219,219,The Florida Project,tt5649144,63.13,73,64.33,10-Nov-17,2000000,5904366,10971298,78,7.6,92
220,220,Logan,tt3315342,56.44,62,61.33,3-Mar-17,97000000,226277068,619179950,57.33,8.1,77
221,221,Dark River,tt5700176,57.57,80,69.495,29-Jun-18,0,7714,239182,71.67,5.8,69
222,222,It Comes at Night,tt4695012,56.84,81,60,9-Jun-17,5000000,13985117,19735344,69.5,6.2,78
223,223,Stronger,tt3881784,64.14,60,60.33,29-Sep-17,30000000,4211129,8503658,48,6.9,76
224,224,Call Me by Your Name,tt5726616,59.35,78,65.51,19-Jan-18,0,18095701,41888660,76,7.9,93
225,225,Suspiria,tt1034415,56.04,78,62.67,2-Nov-18,20000000,2483472,7942093,69.67,6.8,64
226,226,Gringo,tt3721964,56.65,60,57.33,9-Mar-18,0,4969853,11001627,63.67,6.1,46
227,227,Wind River,tt5362988,57.34,67,60,18-Aug-17,11000000,33800859,43980821,52.67,7.7,73
228,228,Guardians of the Galaxy Vol. 2,tt3896198,54.84,50,56,5-May-17,200000000,389813101,863756051,62,7.6,67
229,229,Tully,tt5610554,58.12,61,56.33,4-May-18,13000000,9369755,15636462,60.67,7,75
230,230,Vice,tt6266538,61.28,53,59.67,25-Dec-18,60000000,47836282,76073488,62.67,7.2,61
231,231,Wildlife,tt5929754,63.13,62,66.33,1-Jan-19,0,1050616,3321367,66.67,6.8,80
232,232,Rough Night,tt4799050,55.37,81,56.33,16-Jun-17,20000000,22105643,47347283,50,5.2,51
233,233,Darkest Hour,tt4555426,63.81,63,58.67,22-Dec-17,30000000,56468410,150847274,60.33,7.4,75
234,234,"Mektoub, My Love: Canto Uno",tt6121444,55.57,59,41,21-Mar-18,0,0,0,59.67,6.5,59
235,235,Red Sparrow,tt2873282,56.1,61,62.33,2-Mar-18,69000000,46874505,151572634,56.67,6.6,53
236,236,The Current War,tt2140507,64.29,55,57,25-Oct-19,30000000,5979540,12217160,56,6.5,55
237,237,Spider-Man: Homecoming,tt2250912,54.6,63,59,7-Jul-17,175000000,334201140,880166924,55.67,7.4,73
238,238,Mary Magdalene,tt5360996,64.14,87,61,16-Mar-18,0,124741,11710110,65.67,5.9,48
239,239,The Other Side of Hope,tt5222918,59.35,77,68.67,3-Feb-17,0,183943,4282973,76.67,7.2,84
240,240,The Glass Castle,tt2378507,64.14,59,58,11-Aug-17,9000000,17273059,22088533,45,7.2,56
241,241,Good Time,tt4846232,57.89,73.5,64.67,25-Aug-17,4500000,2026499,3283369,72,7.4,80
242,242,Where Is Kyra?,tt5198670,63.13,69,55.33,6-Apr-18,0,59717,59717,63.33,5.5,72
243,243,The Death of Stalin,tt4686844,61.1,82,59,9-Mar-18,13000000,8047856,24646055,59.33,7.2,88
244,244,"Three Billboards Outside Ebbing, Missouri",tt5027774,58.45,75,60.67,1-Dec-17,15000000,54513740,160192267,68.33,8.1,88
245,245,Ismael's Ghosts,tt5687040,57.53,70,63.67,23-Mar-18,0,102510,3075562,66,5.5,65
246,246,The Lego Batman Movie,tt4116284,56.73,53,54.67,10-Feb-17,80000000,175750384,311950384,60,7.3,75
247,247,Molly's Game,tt4209788,61.64,68,56.67,5-Jan-18,30000000,28780744,59284015,53.33,7.4,71
248,248,Vox Lux,tt5960374,64.48,65,60.33,20-Dec-18,0,727119,1399272,62,5.9,67
249,249,Thelma,tt6304046,57.19,78,62.33,15-Sep-17,0,147391,1463727,69,7,74
250,250,Our Time,tt5265964,63.13,67,60.67,14-Jun-19,0,14777,46433,63.67,6.9,56
251,251,Thor: Ragnarok,tt3501632,55.32,71,63.67,3-Nov-17,180000000,315058289,853983911,61,7.9,74
252,252,Kong: Skull Island,tt3731562,55.25,62,61.67,10-Mar-17,185000000,168052812,566652812,58,6.6,62
253,253,Get Out,tt5052448,55.64,72,65.67,24-Feb-17,4500000,176040665,255589157,56.67,7.7,85
254,254,Mudbound,tt2396589,62.76,66,65.33,17-Nov-17,0,0,0,58.33,7.4,85
255,255,T2 Trainspotting,tt2763304,63.13,69,56,31-Mar-17,18000000,2402004,41681746,68,7.2,67
256,256,War for the Planet of the Apes,tt3450958,56.17,66,60.67,14-Jul-17,150000000,146880162,490719763,56.67,7.4,82
257,257,A Ghost Story,tt6265828,58.64,69,69.33,27-Jul-17,100000,1596371,1951683,73,6.9,84
258,258,The Old Man & the Gun,tt2837574,59.21,69,62.33,19-Oct-18,0,11277120,17860397,66.34,6.7,80
259,259,Lean on Pete,tt5340300,58.38,85,66,6-Apr-18,0,1163056,2443584,68.67,7.2,80
260,260,Under the Silver Lake,tt5691670,57.34,70,55.5,19-Apr-19,8500000,46083,2053469,63,6.5,60
261,261,The Square,tt4995790,59.35,73,57,25-Aug-17,0,1502347,9493791,70.33,7.2,73
262,262,Downsizing,tt1389072,59.28,65,61,22-Dec-17,68000000,24449754,55003890,61.33,5.7,63
263,263,Loveless,tt6304162,63.13,81,81.67,1-Jun-17,0,566356,3925992,66.33,7.6,86
264,264,Golden Exits,tt5687814,63.13,60,56,9-Feb-18,0,41888,41888,69.33,5.8,71
265,265,Suburbicon,tt0491175,57.31,63,60,27-Oct-17,25000000,5775178,12751667,54.67,5.7,42
266,266,The Meyerowitz Stories,tt5536736,59.35,72,53.67,13-Oct-17,0,0,0,77.33,6.9,79
267,267,Coco,tt2380307,58.98,79,57,22-Nov-17,175000000,210460015,807817888,69.5,8.4,81
268,268,Annihilation,tt2798920,57.1,66,61,23-Feb-18,40000000,32732301,43070915,58,6.8,79
269,269,The Shape of Water,tt5580390,57.06,63,60,22-Dec-17,19400000,63859435,195333312,59.67,7.3,87
270,270,Mother!,tt5109784,58.72,66,58.67,15-Sep-17,30000000,17800004,44516999,61,6.6,75
271,271,You Were Never Really Here,tt5742374,59.89,77,61,6-Apr-18,0,2528078,9360514,71.33,6.8,84
272,272,Logan Lucky,tt5439796,58.45,66,63.33,18-Aug-17,29000000,27780977,48453605,70.33,7,78
273,273,The Snowman,tt1758810,57.89,63,68,20-Oct-17,35000000,6700035,43155261,45,5.1,23
274,274,The Killing of a Sacred Deer,tt5715874,57.52,74,62.01,3-Nov-17,0,2291901,7027336,69.67,7,73
275,275,The Beguiled,tt5592248,59.8,71,57,30-Jun-17,10500000,10709995,27869129,64.5,6.3,77
276,276,Wonderstruck,tt5208216,57.95,75,56.67,20-Oct-17,0,1060377,3285916,66.67,6.2,71
277,277,Detroit,tt5390504,59.57,67,66.67,4-Aug-17,34000000,16790139,23355100,74.33,7.3,77
278,278,Okja,tt3967856,56.73,77,68,28-Jun-17,50000000,0,0,70.33,7.3,75
279,279,Star Wars: Episode VIII - The Last Jedi,tt2527336,55.25,72,66.77,15-Dec-17,317000000,620181382,1332698830,59.67,7,84
280,280,Happy End,tt5304464,63.13,74,69.33,22-Dec-17,13600000,301718,2610794,71,6.7,72
281,281,Baby Driver,tt3890160,58.15,75,55.67,28-Jun-17,34000000,107825862,226945087,57,7.6,86
282,282,Blade Runner 2049,tt1856101,56.29,72,60.33,6-Oct-17,150000000,92054159,259334548,57,8,81
283,283,Deadpool 2,tt5463162,54.84,62,53,18-May-18,110000000,324591735,786470484,58.33,7.7,66
284,284,Farming,tt1127881,63.13,48,48,25-Oct-19,0,0,0,58.01,5.9,51
285,285,Jeremiah Terminator LeRoy,tt5460522,64.14,50,54.67,12-Aug-19,2000000,0,0,50.67,5.4,55
286,286,Ant-Man and the Wasp,tt5095030,54.84,55,64,6-Jul-18,162000000,216648740,622674139,62.33,7,70
287,287,The Long Dumb Road,tt4712076,55.57,55,66,16-Nov-18,0,4667,4667,67.67,6.1,64
288,288,The Girl in the Spider's Web,tt5177088,56.23,57,55.67,9-Nov-18,43000000,14841338,35164920,57,6.1,43
289,289,An Evening with Beverly Luff Linn,tt6518270,56.11,55,56,19-Oct-18,0,6701,23515,62,5.8,54
290,290,Fast Color,tt6418778,58.17,63,63.67,19-Apr-19,0,76916,76916,53,6.1,64
291,291,Sorry to Bother You,tt5688932,56.76,67,65.67,13-Jul-18,3200000,17493096,18170707,74.67,6.9,80
292,292,The Art of Self-Defense,tt7339248,56.03,68,59,19-Jul-19,0,2410914,2414269,64,6.6,65
293,293,Sicario: Day of the Soldado,tt5052474,55.94,51,60,29-Jun-18,35000000,50072235,75837743,58.33,7.1,61
294,294,Venom,tt1270797,54.6,51,62.67,5-Oct-18,100000000,213515506,856085151,57.67,6.7,35
295,295,Mandy,tt6998518,55.64,65,55.67,14-Sep-18,6000000,1233694,1555203,60.33,6.5,81
296,296,Mid90s,tt5613484,59.35,61,64.33,26-Oct-18,1700000,7362439,9303022,70,7.4,66
297,297,Domino,tt3282076,53.94,62,53.67,31-May-19,7800000,0,0,45.67,4.4,40
298,298,Loro 1,tt6748466,64.14,64,60.33,20-Sep-19,0,0,0,65.67,0,0
299,299,The Miseducation of Cameron Post,tt6257174,63.13,72,54.67,7-Sep-18,0,904703,1474577,69.5,6.6,69
300,300,Slice,tt4411234,56.7,61,64,11-Sep-18,0,0,0,61,4.6,61
301,301,Leave No Trace,tt3892172,59.09,83,72.33,29-Jun-18,0,6046104,7682928,67,7.2,88
302,302,Greta,tt2639336,57.57,64,57.33,1-Mar-19,0,10532219,18653107,55.67,6,54
303,303,Boy Erased,tt7008872,64.14,62,63,8-Nov-18,11000000,6788692,11853081,58.67,6.9,69
304,304,On the Basis of Sex,tt4669788,64.14,71,57.33,11-Jan-19,20000000,24704837,38755900,62.67,7.1,59
305,305,The Command,tt4951982,57.59,61,65.33,21-Jun-19,20000000,0,0,50.33,6.6,55
306,306,Private Life,tt5536610,59.35,66,66.33,5-Oct-18,0,0,0,63.5,7.2,83
307,307,Holmes & Watson,tt1255919,55.96,52,60,25-Dec-18,42000000,30573626,40466970,48,3.9,24
308,308,Mission: Impossible - Fallout,tt4912910,53.41,59,55.33,27-Jul-18,178000000,220159104,791657398,57.67,7.7,86
309,309,The Front Runner,tt7074886,64.29,61,53.33,21-Nov-18,0,2000105,3242235,56.33,6.1,61
310,310,Cold War,tt6543652,62.28,80,74.33,8-Jun-18,0,4580048,20343051,70.67,7.6,90
311,311,"Don't Worry, He Won't Get Far on Foot",tt6288124,61.28,60,61.33,4-Apr-18,0,1441705,4241656,60,6.9,67
312,312,Hotel Artemis,tt5834262,56.48,64,58.33,8-Jun-18,15000000,6708147,13313581,58.5,6.1,58
313,313,White Boy Rick,tt4537896,59.89,71,56.67,14-Sep-18,29000000,24011188,25957482,57.33,6.5,59
314,314,Spider-Man: Into the Spider-Verse,tt4633694,56.78,66.5,56,14-Dec-18,90000000,190241310,375540831,54.67,8.4,87
315,315,Apostle,tt6217306,57.46,64,61.33,12-Oct-18,0,0,0,64,6.3,62
316,316,The Souvenir,tt6920356,58.12,80,76.5,30-Aug-19,0,1036737,1719157,75,6.4,91
317,317,Outlaw King,tt6679794,61.3,62,59.33,9-Nov-18,120000000,0,0,59.67,6.9,59
318,318,Destroyer,tt7137380,56.12,73,56.33,27-Dec-18,9000000,1533324,5580940,63.33,6.2,62
319,319,Damsel,tt5318674,59.79,65,63,22-Jun-18,0,305136,323235,56,5.5,63
320,320,The Land of Steady Habits,tt6485928,59.35,75,56.67,14-Sep-18,0,0,0,59,6.2,71
321,321,The Wild Pear Tree,tt6628102,63.13,81,86,30-Jan-19,0,34014,1696258,76.67,8.1,86
322,322,The Little Stranger,tt6859762,58.72,77,64.67,21-Sep-18,0,713143,1824902,65.33,5.5,67
323,323,Can You Ever Forgive Me?,tt4595882,60.12,80,55.33,2-Nov-18,10000000,8803865,12442161,67.5,7.1,87
324,324,Yeom-lyeok,tt6890582,54.68,62,72,25-Apr-18,0,0,0,52.33,0,0
325,325,The Day Shall Come,tt7078658,56.11,55,67.33,27-Sep-19,0,26972,552033,71,5.9,70
326,326,Piercing,tt6516314,55.64,56,61.67,1-Feb-19,0,15856,149211,62.67,5.6,63
327,327,Double Lives,tt7250056,58.09,72,66.33,3-May-19,0,704919,3649042,73.33,6.5,78
328,328,Proxima,tt7374926,56.73,72,59.67,6-Nov-20,0,0,0,63,6.4,71
329,329,Halloween,tt1502407,55.97,60,55.33,19-Oct-18,10000000,159342015,255614941,60.67,6.5,67
330,330,Bad Times at the El Royale,tt6628394,57.34,63,59.67,12-Oct-18,32000000,17839115,31882724,57,7.1,60
331,331,Solo: A Star Wars Story,tt3778644,54.6,58,56,25-May-18,275000000,213767512,392924807,59,6.9,62
332,332,I Think We're Alone Now,tt6169694,58.76,54,54,21-Sep-18,0,0,0,53,5.7,51
333,333,The Kid Who Would Be King,tt6811018,55.12,70,62.67,25-Jan-19,59000000,16790790,32140970,59.67,6,66
334,334,The Predator,tt3829266,54.6,52,53.67,14-Sep-18,88000000,51024708,160542134,51.67,5.3,48
335,335,Ocean's Eight,tt5164214,54.34,66,56,8-Jun-18,70000000,140218711,297718711,60,6.9,61
336,336,Ready Player One,tt1677720,54.6,62,57,29-Mar-18,175000000,137690172,582893671,56.33,7.4,64
337,337,"Where'd You Go, Bernadette",tt2365580,59.35,73,58.33,16-Aug-19,20000000,9198356,11025353,68.67,6.5,51
338,338,Fahrenheit 451,tt0360556,58.17,78,62.25,20-May-18,0,0,0,66.67,0,0
339,339,Illang: The Wolf Brigade,tt3967878,54.37,-1,-1,19-Oct-18,0,0,0,68,0,0
340,340,Marriage Story,tt7653254,58.09,72,69.33,6-Dec-19,18600000,0,0,69,7.9,94
341,341,Galveston,tt2315596,56.23,59,68,19-Oct-18,0,0,0,61.5,6.2,57
342,342,Birds of Passage,tt6386748,59.89,73,76.67,13-Feb-19,0,507259,2517405,82.33,7.5,85
343,343,Avengers: Infinity War,tt4154756,54.6,61,59.33,27-Apr-18,321000000,678815482,2048359754,65.01,8.4,68
344,344,A Hidden Life,tt5827916,61.56,71,67.33,17-Jan-20,0,1730597,4607564,65.67,7.4,78
345,345,Peterloo,tt4614612,63.86,81,60,5-Apr-19,0,151971,1998945,73.67,6.5,66
346,346,First Man,tt1213641,64.29,74,58.33,12-Oct-18,59000000,44936545,105702570,57.33,7.3,84
347,347,The House That Jack Built,tt4003440,57.76,62,54.67,17-Oct-18,0,258106,3081913,53,6.8,42
348,348,Burning,tt7282468,59.4,85,80.51,17-May-18,0,718991,7578063,82.33,7.5,90
349,349,A Wrinkle in Time,tt1620680,56.68,72,58.67,9-Mar-18,100000000,100478608,132675864,51,4.2,53
350,350,Hold the Dark,tt5057140,56.1,73,59,28-Sep-18,0,0,0,63.33,5.6,63
351,351,Incredibles 2,tt3606756,56.58,77,63.33,15-Jun-18,200000000,608581744,1243089244,69.5,7.6,80
352,352,The Other Side of the Wind,tt0069049,63.13,77,72.33,2-Nov-18,0,0,0,78.67,6.8,78
353,353,The Death & Life of John F. Donovan,tt4042818,63.13,62,51.33,13-Dec-19,35000000,152713,3326364,57.67,6.2,28
354,354,BlacKkKlansman,tt7349662,60.12,67,69.33,10-Aug-18,15000000,49275340,93413417,58.67,7.5,83
355,355,Napszállta,tt5855772,59.4,78,72,22-Mar-19,0,164906,1083299,69.33,6.4,65
356,356,The Nightingale,tt4068576,57.36,77,73.5,29-Aug-19,0,400209,988687,74,7.3,77
357,357,The Man Who Killed Don Quixote,tt1318517,57.74,61,57.33,19-May-18,0,391963,2390383,62.33,6.4,58
358,358,Unsane,tt7153766,57.52,66,54.33,23-Mar-18,1500000,7732899,14293601,66.67,6.4,63
359,359,Maya,tt6297258,63.13,76,72.5,19-Dec-18,0,0,0,68,6.1,62
360,360,Everybody Knows,tt4964788,57.34,82,60,8-Feb-19,0,2660165,19176163,64.67,6.9,68
361,361,The Sisters Brothers,tt4971344,60.15,76,63,19-Oct-18,38000000,3143056,13143056,72.33,7,78
362,362,Black Panther,tt1825683,54.6,81,64,16-Feb-18,200000000,700426566,1347597973,62,7.3,88
363,363,The Beach Bum,tt6511932,55.57,54,51.67,29-Mar-19,5000000,3502600,4554416,64,5.5,55
364,364,Widows,tt4218572,57.89,83,57,16-Nov-18,42000000,42402632,75984700,67.33,6.9,84
365,365,Isle of Dogs,tt5104604,58.6,73,66.67,13-Apr-18,0,32015231,64284100,69.67,7.9,82
366,366,The Favourite,tt5083738,62.11,74,61,21-Dec-18,15000000,34366783,95918706,63.33,7.5,91
367,367,Ad Astra,tt2935510,57.05,68,63,20-Sep-19,90000000,50188370,127461872,64.33,6.5,80
368,368,Roma,tt6155172,63.13,72,91.67,21-Nov-18,0,0,0,76.5,7.7,96
369,369,The Irishman,tt1302006,61.64,71,59,27-Nov-19,159000000,0,0,62.33,7.8,94
370,370,If Beale Street Could Talk,tt7125860,59.35,80,64.33,25-Dec-18,12000000,14915773,20596567,72.33,7.1,87
371,371,The Glorias,tt7435316,64.29,55,57,30-Sep-20,0,0,0,62,5.5,58
372,372,Always Be My Maybe,tt7374948,55.57,62,57.67,31-May-19,0,0,0,68,6.8,64
373,373,The Boy Who Harnessed the Wind,tt7533152,64.29,60,65.33,1-Mar-19,0,0,0,64.67,7.6,68
374,374,Charlie's Angels,tt5033998,53.96,52,57.67,15-Nov-19,48000000,17803077,73279888,55,4.8,52
375,375,Long Shot,tt2139881,55.57,57,54,3-May-19,40000000,30316271,53873809,53.67,6.8,67
376,376,Late Night,tt6107548,59.35,65,61.33,14-Jun-19,4000000,15499454,22386555,61.67,6.5,70
377,377,Capone,tt6199572,61.64,53,57,12-May-20,0,0,0,59.33,4.7,46
378,378,Sound of Metal,tt5363618,64.48,67,62,4-Dec-20,0,0,0,77.01,7.8,82
379,379,Little Joe,tt9204204,58.41,67,59,6-Dec-19,0,23862,201551,71.33,5.9,60
380,380,Resistance,tt6914122,63.81,52,54.67,27-Mar-20,0,7464,292888,50,6.4,53
381,381,The Rhythm Section,tt7134096,55.99,54,49.33,31-Jan-20,50000000,5437971,5989583,47,5.3,45
382,382,Missing Link,tt6348138,57.59,75,55.67,12-Apr-19,100000000,16649539,26565710,72.5,6.7,68
383,383,Native Son,tt6566768,63.13,63,59,6-Apr-19,0,0,0,61.5,5.8,63
384,384,The Addams Family,tt1620981,58.05,58,55.33,11-Oct-19,24000000,100723831,203761873,53.67,5.8,46
385,385,Men in Black: International,tt2283336,54.84,48,57.33,14-Jun-19,110000000,80001807,253890701,55,5.6,38
386,386,The Parts You Lose,tt4827922,57.89,69,62.33,3-Dec-19,0,0,0,52,5.6,47
387,387,The Jesus Rolls,tt5974030,57.73,58,58,17-Oct-19,0,18169,64648,53,4.3,44
388,388,Yesterday,tt8079248,58.55,69,60.99,28-Jun-19,26000000,73286650,153178480,62.33,6.8,55
389,389,Roads,tt7303530,59.09,68,71,30-May-19,0,0,0,66.5,0,0
390,390,The Many Saints of Newark,tt8110232,59.89,77,61.33,24-Sep-21,0,0,0,57.67,0,0
391,391,My Zoe,tt6290584,63.13,64,63.67,26-Feb-21,0,52721,52721,54,5.9,59
392,392,Portrait of a Lady on Fire,tt8613070,59.35,83,80.34,14-Feb-20,0,3759854,10043341,79,8.1,95
393,393,Like a Boss,tt7545266,55.57,73,50.13,10-Jan-20,29000000,22169514,30399490,53.5,4.6,33
394,394,Chaos Walking,tt2076822,55.25,58,58.67,5-Mar-21,125000000,13240604,21840604,55.67,5.7,38
395,395,Gemini Man,tt1025100,56.44,67,53.33,11-Oct-19,138000000,48546770,173469516,45,5.7,38
396,396,Downhill,tt4558376,59.35,62,63,14-Feb-20,0,8287061,8899195,58.67,4.9,49
397,397,Benedetta,tt6823148,62.11,53,58.33,9-Jul-21,0,0,0,61,0,0
398,398,Mainstream,tt9224288,59.35,52,53,7-May-21,0,0,0,63,5.1,37
399,399,The Hunt,tt8244784,54.17,68,48.33,13-Mar-20,14000000,5812500,11472187,59,6.5,50
400,400,Seberg,tt1780967,60.73,58,56.33,13-Dec-19,0,434702,590837,50,5.7,54
401,401,The Woman in the Window,tt6111574,57.34,63,55.33,14-May-21,0,0,0,53.67,0,0
402,402,Greyhound,tt6048922,60.34,69,57,10-Jul-20,50300000,0,0,56,7,64
403,403,Queen & Slim,tt8722346,58.45,86,58.67,27-Nov-19,18000000,43808310,47854457,56.51,7.1,74
404,404,Ford v Ferrari,tt1950186,59.98,62,62.67,15-Nov-19,97600000,117624357,225508210,57,8.1,81
405,405,The Trial of the Chicago 7,tt1070874,60.54,68,60,16-Oct-20,35000000,0,0,53.67,7.8,76
406,406,Wounds,tt5913798,57.52,67,56.67,18-Oct-19,0,0,0,58,4,51
407,407,The Kitchen,tt5822564,57.01,55,52.5,9-Aug-19,38000000,12180032,15980032,49.33,5.5,35
408,408,The Grudge,tt3612126,57.29,56,41,3-Jan-20,10000000,21221803,49511319,48.67,4.3,41
409,409,Spider-Man: Far from Home,tt6320628,54.6,63,58.67,2-Jul-19,160000000,390532085,1131927996,62.33,7.5,69
410,410,Zola,tt5439812,58.45,67,62.51,30-Jun-21,0,0,0,67,5.9,72
411,411,The Lion King,tt6105098,59.43,54,65.33,19-Jul-19,260000000,543638043,1657870986,62.33,6.9,55
412,412,Motherless Brooklyn,tt0385887,58.48,61,60.67,1-Nov-19,26000000,9277736,18477736,55.33,6.8,60
413,413,The Nest,tt8338762,59.35,65,67.67,18-Sep-20,0,137886,1238439,64.67,6.4,79
414,414,The Personal History of David Copperfield,tt6439020,59.35,82,60.67,28-Aug-20,15600000,1876298,14284948,69.33,6.4,77
415,415,It Chapter Two,tt7349950,59.24,61,61,6-Sep-19,79000000,211593228,473093228,54,6.5,58
416,416,Joker,tt7286456,57.89,55,58.67,4-Oct-19,55000000,335451311,1074251311,52,8.4,59
417,417,The Report,tt8236336,60.69,70,62,15-Nov-19,0,0,0,68.67,7.2,66
418,418,True History of the Kelly Gang,tt4844140,61.4,62,60.67,24-Apr-20,0,33817,467198,64.67,6,75
419,419,Bad Hair,tt4798836,56.47,70,54.67,23-Oct-20,0,0,0,65,5.6,61
420,420,Captain Marvel,tt4154664,54.6,72,59,8-Mar-19,160000000,426829839,1128462972,61,6.9,64
421,421,The Devil All the Time,tt7395114,57.89,63,60,16-Sep-20,0,0,0,59,7.1,55
422,422,The Goldfinch,tt3864056,63.13,64,52,13-Sep-19,45000000,5332621,9932621,61,6.3,40
423,423,Lucy in the Sky,tt4682804,58.17,78,57,4-Oct-19,0,319976,481707,50,4.8,36
424,424,Toy Story 4,tt1979376,57.59,89,56.67,21-Jun-19,200000000,434038008,1073394593,69.5,7.7,84
425,425,Wendy,tt2420124,60.17,73,54,17-Apr-20,6000000,143518,144564,57.67,5.7,54
426,426,Frankie,tt8019694,59.35,73,58.67,25-Oct-19,0,171781,708193,62.67,5.5,56
427,427,Waves,tt8652728,59.69,81,67,15-Nov-19,6000000,1658790,2570294,65.5,7.6,80
428,428,A Beautiful Day in the Neighborhood,tt3224458,64.14,80,68,22-Nov-19,25000000,61704055,67760877,58.33,7.3,80
429,429,Antlers,tt7740510,56.52,68,58.01,29-Oct-21,0,0,0,56.67,0,0
430,430,Pain and Glory,tt8291806,63.13,73,56.33,4-Oct-19,0,4567338,37359689,68.33,7.5,87
431,431,Kajillionaire,tt8143990,58.45,69,55.33,25-Sep-20,0,531430,1278913,70,6.5,78
432,432,Ema,tt8800266,61.51,73,68.33,6-Aug-21,0,0,0,73,6.8,71
433,433,Waiting for the Barbarians,tt6149154,63.13,73,59.33,7-Aug-20,0,0,0,52,5.9,52
434,434,Godzilla: King of the Monsters,tt3741700,55.25,58,59.67,31-May-19,170000000,110500138,386600138,60.33,6,48
435,435,The King,tt7984766,62.17,62,62,1-Nov-19,0,0,0,68.33,7.2,62
436,436,John Wick: Chapter 3 - Parabellum,tt6146586,53.94,67,53,17-May-19,75000000,171015687,327281779,54.67,7.4,73
437,437,First Cow,tt9231040,61.9,79,60,10-Jul-20,0,101068,101068,75,7.1,89
438,438,Midsommar,tt8772262,57.52,80,66.67,3-Jul-19,9000000,27426361,47903099,63.67,7.1,72
439,439,Star Wars: The Rise Of Skywalker,tt2527338,55.25,65,62.67,20-Dec-19,275000000,515202542,1074148486,63.33,6.6,53
440,440,The Truth,tt8323120,63.13,79,65.67,3-Jul-20,0,9619,5257385,72,6.5,75
441,441,Velvet Buzzsaw,tt7043012,55.64,58,56.33,1-Feb-19,0,0,0,68,5.7,61
442,442,High Flying Bird,tt8128188,61.75,66,70.67,8-Feb-19,2000000,0,0,73.5,6.2,78
443,443,The Laundromat,tt5865326,59.99,66,52.01,27-Sep-19,0,0,0,59.67,6.3,57
444,444,The Dead Don't Die,tt8695030,56.91,67,64,14-Jun-19,0,6563605,15322395,67,5.5,53
445,445,Triple Frontier,tt1488606,54.22,71,55.67,13-Mar-19,0,0,0,52,6.4,61
446,446,The Lighthouse,tt7984734,58.34,83,67.33,1-Nov-19,0,10867104,18123239,66.67,7.5,83
447,447,The Last Thing He Wanted,tt7456312,57.89,66,52.33,21-Feb-20,0,0,0,43.67,4.3,35
448,448,Jojo Rabbit,tt2584384,60.36,71,63.67,8-Nov-19,14000000,33370906,90335025,63.67,7.9,58
449,449,Uncut Gems,tt5727208,57.89,73.5,60,25-Dec-19,19000000,50023780,50023780,79.67,7.4,91
450,450,Parasite,tt6751668,57.53,77,84,8-Nov-19,11400000,53369749,258854666,79,8.6,96
451,451,Little Women,tt3281548,59.35,69,66,25-Dec-19,40000000,108101214,216601214,60.67,7.8,91
452,452,Avengers: Endgame,tt4154796,56.73,61,58,26-Apr-19,356000000,858373000,2797501328,62,8.4,78
453,453,Us,tt6857112,55.64,72,69,22-Mar-19,20000000,175084580,255184580,67,6.8,81
454,454,Once Upon a Time... In Hollywood,tt7131622,59.35,64,62,26-Jul-19,90000000,142502728,374375059,63.33,7.6,83
455,455,Army of the Dead,tt0993840,55.33,52,52.33,21-May-21,70000000,0,0,57,0,0
456,456,The Witches,tt0805647,56.3,56,54,22-Oct-20,0,0,0,57,5.3,47
457,457,In the Heights,tt1321510,60.85,52,61.01,11-Jun-21,0,0,0,69,0,0
458,458,Coming 2 America,tt6802400,55.57,58,49.67,5-Mar-21,0,0,0,51.33,5.3,52
459,459,The Craft: Legacy,tt4685762,59.24,59,58.67,28-Oct-20,0,0,0,52.33,4.4,54
460,460,A Quiet Place Part II,tt8332922,57.97,60,66,28-May-21,0,0,0,51,0,0
461,461,Mulan,tt4566758,56.72,66,56.33,4-Sep-20,200000000,0,0,62.67,5.6,66
462,462,Lost Girls,tt3111426,57.57,71,62.33,13-Mar-20,0,0,0,69,6.1,67
463,463,The High Note,tt9308382,61.51,65,63.67,29-May-20,0,0,0,60.33,6.4,58
464,464,Free Guy,tt6264654,54.77,46,64.67,13-Aug-21,0,0,0,47.33,0,0
465,465,The White Tiger,tt6571548,59.89,78,65.51,22-Jan-21,0,0,0,73.33,7.1,76
466,466,Halloween Kills,tt10665338,55.63,60,53.67,15-Oct-21,0,0,0,57.5,0,0
467,467,Emma.,tt9214832,58.09,71,61.67,6-Mar-20,10000000,10055355,26399220,62.33,6.7,71
468,468,All Day and a Night,tt3993886,63.13,74,67,1-May-20,0,0,0,59,5.8,60
469,469,Minari,tt10633456,63.13,74,80,12-Feb-21,0,2850651,12057595,68,7.6,89
470,470,The Mitchells vs the Machines,tt7979580,57.64,-1,61,30-Apr-21,0,0,0,60,8,81
471,471,Passing,tt8893974,63.13,61,68.33,2021,0,0,0,79,7.2,84
472,472,The World to Come,tt9738716,63.13,62,61.67,2-Mar-21,0,114379,114379,70.33,6.2,73
473,473,Tigertail,tt8902948,63.13,61,67.67,10-Apr-20,0,0,0,70,6.5,65
474,474,Spiral,tt10342730,55.9,41,52.01,14-May-21,40000000,0,0,33,0,0
475,475,Ghostbusters: Afterlife,tt4513678,56.39,61,56,11-Nov-21,0,0,0,57.33,0,0
476,476,The Breaker Upperers,tt6728096,55.57,68,68.33,15-Feb-19,0,0,0,74,5.9,76
477,477,The King of Staten Island,tt9686708,59.35,60,61.5,12-Jun-20,0,0,0,58.67,7.1,67
478,478,Happiest Season,tt8522006,58.09,52,57,25-Nov-20,0,0,0,56.67,6.6,69
479,479,Pieces of a Woman,tt11161474,63.13,66,57,7-Jan-21,0,0,0,57.67,7.1,66
480,480,The Midnight Sky,tt10539608,57.93,63,58.33,23-Dec-20,0,0,0,59.67,5.6,58
481,481,The Invisible Man,tt1051906,57.51,44,58.33,28-Feb-20,7000000,70410000,143151000,56,7.1,72
482,482,Bill & Ted Face the Music,tt1086064,58.48,79,54.33,28-Aug-20,0,3439660,6274027,60,6,65
483,483,The Lovebirds,tt8851668,54.77,58,57.67,22-May-20,0,0,0,57.33,6.1,59
484,484,Ma Rainey's Black Bottom,tt10514222,64.48,66,65.67,18-Dec-20,0,0,0,68,7,87
485,485,The Eyes of Tammy Faye,tt9115530,64.14,58,55.01,24-Sep-21,0,0,0,51.67,0,0
486,486,Stillwater,tt10696896,58.52,60,58,30-Jul-21,0,0,0,57,0,0
487,487,False Positive,tt10096842,57.36,-1,54.33,25-Jun-21,0,0,0,68,0,0
488,488,Never Rarely Sometimes Always,tt7772582,63.13,82,81.67,3-Apr-20,0,16565,299588,68.33,7.4,91
489,489,Shirley,tt8430598,59.46,59,64,5-Jun-20,0,0,0,59.5,6.2,76
490,490,Wonder Woman 1984,tt7126948,54.51,70,59,25-Dec-20,0,46436755,166436755,55.67,5.4,60
491,491,Candyman,tt9347730,55.63,74,56,27-Aug-21,0,0,0,65,0,0
492,492,Black Widow,tt3480822,54.6,73,61.33,9-Jul-21,0,0,0,59.5,0,0
493,493,Ammonite,tt7983894,61.28,79,60,13-Nov-20,0,160930,772199,69.33,6.5,72
494,494,News of the World,tt6878306,57.53,73,68,25-Dec-20,0,12668325,12668325,60,6.8,73
495,495,Let Them All Talk,tt10808832,59.35,66,59.67,10-Dec-20,0,0,0,64.67,6.1,72
496,496,The Green Knight,tt9243804,59.24,69,58,30-Jul-21,0,0,0,66.33,0,0
497,497,Birds of Prey,tt7713068,54.63,69,55,7-Feb-20,84500000,84158461,201858461,58.33,6.1,60
498,498,On a Half Clear Morning,tt9714030,59.35,66,55.33,1-Sep-21,0,0,0,66,0,0
499,499,The Velvet Underground,tt7230750,71.42,75,69.5,2021,0,0,0,68.67,0,0
500,500,Rebecca,tt2235695,57.07,63,60,21-Oct-20,0,0,0,64.5,6,46
501,501,Nomadland,tt9770150,63.13,84,73.67,19-Feb-21,0,2143000,6086008,93,7.4,93
502,502,The Old Guard,tt7556122,54.36,63,60.33,10-Jul-20,0,0,0,60,6.7,70
503,503,No Time to Die,tt2382320,53.41,87,56.33,8-Oct-21,250000000,0,0,58,0,0
504,504,Promising Young Woman,tt9620292,57.89,56,68,25-Dec-20,0,6460965,13868965,61.33,7.5,73
505,505,The Souvenir: Part II,tt6992978,63.13,80,68.67,2021,0,0,0,68.67,0,0
506,506,After Yang,tt8633464,60.3,89,55.5,2021,0,0,0,71.51,0,0
507,507,I'm Thinking of Ending Things,tt7939766,58.52,73,64.33,4-Sep-20,0,0,0,66,6.6,78
508,508,Da 5 Bloods,tt9777644,60.19,67,66.33,12-Jun-20,0,0,0,71,6.5,82
509,509,Mank,tt10618286,61.28,69,51.33,4-Dec-20,0,0,0,68,6.9,79
510,510,On the Rocks,tt9606374,58.09,71,52.67,23-Oct-20,0,0,0,63.5,6.5,73
511,511,Dune,tt1160419,58.56,72,72.5,1-Oct-21,165000000,0,0,57,0,0
512,512,The French Dispatch,tt8847712,58.09,73,64.5,Jul-21,25000000,0,0,67,0,0
513,513,Annette,tt6217926,61,68,59.67,8-Jul-21,15500000,0,0,71,0,0
514,514,Tenet,tt6723592,54.21,67,62.33,3-Sep-20,205000000,58456624,363656624,61.5,7.4,69
